XF,transcript_id,difference,uncertainty,stat,pval,padj,avg_coverage
AARS2,NM_020745.4,-0.5038611827314343,0.18794874600641295,-2.680843546113589,0.007343684129685023,0.17374863951685215,2.5385839386419073
ABCC10,NM_001198934.2,-0.6150122334966044,0.4421648290913377,-1.390911698609031,0.16425220487970915,0.7680356358456353,1.7485984378139579
ABCC10,NM_033450.3,-0.9185976049623241,0.3481776596574224,-2.6383013943690328,0.008332249089144482,0.17374863951685215,1.6275606657643755
ABCC10,XM_011514985.4,-0.07870526711229608,0.5103528490972571,-0.15421735619094654,0.8774383576363711,0.9997043582906195,1.1977826947079833
ABCC10,XM_047419494.1,-0.4263423039191223,0.4418692979894279,-0.9648606632301547,0.33461460642044427,0.9314478879799137,1.6416053297808229
ABCC10,XM_047419495.1,-0.4356216953899634,0.4160749558890866,-1.0469788897990953,0.2951093145924416,0.9131326649389431,1.8104608862992344
ABCF1,NM_001025091.2_7,0.13435081289212558,0.12881458019018469,1.0429783079971777,0.29695833940846755,0.9131326649389431,2.9714964552811898
ABHD16A,NM_021160.3_7,0.24289128587746478,0.34025401606580297,0.7138528111612095,0.4753181994826445,0.9805808749412689,1.9743278583335813
ABT1,NM_013375.4_2,0.3645945030284008,0.29786649956911665,1.224019832897659,0.2209447459019186,0.8226246342955361,1.723641960193751
ACOT13,NM_018473.4,-0.4119196914721728,0.325517397202968,-1.265430649825855,0.20571699387713713,0.8022487180591629,2.0717863749417367
AGPAT1,NM_001371438.1_7,0.05534760580210074,0.4528760603422558,0.12221358258653026,0.9027298697432417,0.9997299078530111,1.4532669891431178
AGPAT1,NM_006411.4_7,0.13737051108017084,0.20732272730389067,0.6625926296966715,0.5075914918013589,0.9805808749412689,2.639603593335683
ALDH5A1,NM_001080.3,-0.09348146596224671,0.2394097230672738,-0.3904664554328838,0.6961916553385397,0.9878880037402346,2.3854728480239107
ANKS1A,NM_015245.3,-0.24011988144311402,0.16133062606725498,-1.4883713483081236,0.13665298831987974,0.7680356358456353,2.5567950857096107
ATAT1,NM_001031722.4_7,-0.32693934522310153,0.5393803918370033,-0.6061387291251407,0.5444226350731807,0.9805808749412689,1.312129863784262
ATAT1,NM_001318762.3_7,-0.2527042050407309,0.43558087028277204,-0.5801545069614269,0.5618104291688466,0.9805808749412689,1.3484118798562381
ATAT1,NM_001318763.3_7,-0.3887719884163263,0.38646486556096876,-1.0059698126814418,0.31443009152542595,0.9137263901847296,1.5123374778563217
ATF6B,NM_001136153.2_4,0.016303079722827407,0.48166629911784475,0.0338472501661128,0.9729989573278711,0.9997299078530111,1.6159560679526324
ATF6B,NM_004381.5_4,-0.127453188345922,0.25033821946342083,-0.5091239708387609,0.6106653306380865,0.9805808749412689,2.4956940794637035
ATXN1,NM_001128164.2,0.23066733132616096,0.12197183613458684,1.8911524056392555,0.05860400259515916,0.5285055502977218,2.5753459865564876
ATXN1-AS1,NR_136240.1,0.2827963252613687,0.22482909551263136,1.2578279720272265,0.20845397720995903,0.8048639675606751,1.8266823411274244
BAG6,NM_001098534.2_7,0.22129628343459684,0.45805782335863054,0.48311866351715105,0.6290114829506817,0.9805808749412689,1.8222027840513448
BAG6,NM_001199698.2_7,0.09481835221052926,0.373062003572354,0.25416244833987656,0.7993700600702841,0.9890869474399049,2.390772393210676
BAG6,NM_001387956.1_7,0.30001879130971343,0.4291299027471595,0.6991328019536371,0.4844690407910346,0.9805808749412689,1.987094413300331
BAG6,NM_001387965.1_7,0.30762680389904906,0.436694794823248,0.7044434867229431,0.48115663239603657,0.9805808749412689,2.010416452763344
BAG6,NM_001387984.1_7,0.5612796908492377,0.49093023582629025,1.1432982731335368,0.2529147717524235,0.8746209299208731,1.6660747835591867
BAG6,NM_001387994.1_7,0.09694258745304207,0.41776443089585547,0.23205084081753455,0.8164985260606703,0.992455575224126,2.123448983206937
BAG6,NM_001387996.1_7,0.5640218387675837,0.45651050194336074,1.2355068204708288,0.21664193966303494,0.8212698985407779,1.8412087674443813
BAG6,NM_001387999.1_7,-0.002330813908149487,0.4900156316812846,-0.004756611335341017,0.9962047875651328,0.9997299078530111,1.7254150383282456
BAG6,NM_001388006.1_7,0.3714321934208491,0.5733128184572522,0.6478700309202037,0.517069015702456,0.9805808749412689,1.324384208473432
BAG6,NM_001388011.1_7,0.42210950075460607,0.5228434311510367,0.8073344248111418,0.41947383581087566,0.9805808749412689,1.52473704862085
BAG6,NM_080702.3_7,0.05704015431703624,0.3647336479844899,0.15638851702396772,0.8757267878977548,0.9997043582906195,2.403703109454028
BAG6,NM_080703.3_7,0.47970152628684337,0.40344862957067806,1.1890027406892132,0.23443858844700066,0.8575516787929761,2.071396977210986
BAK1,NM_001188.4,-0.4730439015523402,0.22354873208819231,-2.116066135260921,0.03433918318021923,0.4091268396043263,2.4207951392787384
BRD2,NM_001199456.2_7,-0.21489366941846022,0.07606198028301026,-2.8252442102991155,0.004724459273090506,0.1313399677919161,3.0770375574404247
BRD2,NM_001291986.2_7,-0.8695458236030779,0.11405443873071487,-7.623954256231056,2.4602058005850987e-14,5.129529094219931e-12,2.7594407915214054
BRD2,NM_005104.4_7,-0.36402853850148564,0.267873424424601,-1.3589572735086666,0.1741601282727662,0.7809115429004677,2.0799802125237017
BRD2,XM_047419222.1,-0.9720877997465025,0.16208819963700247,-5.997276803144826,2.0065387224823844e-9,2.789088824250514e-7,2.600022302223291
BRD2,XM_047419223.1,-0.11755264336128601,0.36392780242517453,-0.3230108900115029,0.7466869947432611,0.9888412045606825,1.7442841184843827
BRPF3,NM_015695.3,0.13128578092597198,0.1495630690088272,0.8777954464027714,0.3800547360654338,0.9663586886541822,2.6138728488289145
BRPF3,XM_011514490.2,-0.21683479487724377,0.2333940834816706,-0.9290500926270169,0.3528631268031575,0.9432302812622864,1.890641548556336
BRPF3,XM_011514492.2,-0.20969044166985196,0.5225515091563986,-0.4012818602483302,0.6882126173409919,0.9878880037402346,1.237821070545662
BRPF3,XM_047418650.1,0.18128214632895068,0.4383513452081154,0.4135544428245877,0.6792004431265218,0.9878880037402346,1.397670306222457
BRPF3,XM_047418651.1,-0.8418657666112576,0.4263210255464139,-1.9747226061211542,0.04829963607223956,0.5008601480545606,1.5663405390172276
BTBD9,NM_001099272.2,-0.07930967851967075,0.27436178773098013,-0.28906969580412645,0.7725280433338013,0.9888412045606825,2.0157071656003946
BTN2A1,NM_007049.5_2,-0.7812085977833085,0.17412671869209803,-4.486437254725344,7.242403280687362e-6,6.04016433609326e-4,2.342748923836358
BTN2A1,NM_078476.4_2,-0.6945565355886306,0.3216646590448736,-2.15925659241209,0.030830265734121606,0.39193688832886936,1.7636185861863143
BTN2A2,XM_005248797.4,-0.5013582867346613,0.3317936714476246,-1.5110543987991747,0.13077459167448258,0.7680356358456353,1.8129865980676572
BTN2A2,XM_047418075.1,-0.3021619421538334,0.24271454080928473,-1.2449272348757219,0.2131584987305291,0.8154779263360609,1.8003961619734112
BTN2A3P,NR_027795.1,-1.2652434195308335,0.2932625600317592,-4.314370778846821,1.6005812160019382e-5,0.001112403945121347,1.709366403571956
BTN3A2,NM_001197249.3,-0.0035719409071379715,0.4267731668172957,-0.008369647355704399,0.9933220655616041,0.9997299078530111,1.4791831237597548
BTN3A2,NM_007047.5,-0.21589748749691795,0.35421726359915656,-0.6095058306961413,0.5421892091525868,0.9805808749412689,1.7275531012925882
BYSL,NM_004053.4,0.09801518432360368,0.16030592043418357,0.6114258541302319,0.5409176908886819,0.9805808749412689,2.344660820791509
C4A,NM_007293.3_3,-0.37036036978624276,0.4159005663067384,-0.8905022012234808,0.373196286980731,0.9663586886541822,1.6564703207142184
C6orf132,NM_001164446.3,-0.18960111067690846,0.2676740527363881,-0.7083283147494024,0.4787413975461001,0.9805808749412689,1.8154713863511214
C6orf136,NM_001109938.3_7,0.0026567099235877967,0.36567277321728076,0.007265265882973448,0.9942032075182936,0.9997299078530111,1.5305216865315365
C6orf141,NR_170591.1,-0.2421483545989602,0.3008214615036709,-0.8049570445824235,0.42084446819734367,0.9805808749412689,1.5252043860564062
C6orf141,XM_047418226.1,-0.062037455967459104,0.29498638908280006,-0.21030616416015635,0.8334287245670556,0.9958159832219547,1.5129451367743907
C6orf62,NM_030939.5,0.10292721558626039,0.15480557479265403,0.6648805491928872,0.5061268974909034,0.9805808749412689,2.523909896785537
C6orf62,XM_011514928.4,0.21411615081537883,0.16049253059543683,1.3341191021226668,0.18216482645568474,0.8022487180591629,2.5297608705863217
C6orf62,XM_047419384.1,-0.21168870700344689,0.37672869953957155,-0.5619128759294622,0.574175380518299,0.9805808749412689,1.5749519047431726
C6orf89,NM_001286635.2,0.2060121455949646,0.2592099322654792,0.7947694897121836,0.42674760181252597,0.9805808749412689,2.312701079472893
C6orf89,NM_152734.4,0.42218680277092546,0.29670796950786016,1.4229034813968529,0.1547641368897217,0.7680356358456353,2.1762252684520336
CAP2,NM_006366.3,0.3592722551498615,0.35185370168764546,1.0210841989913233,0.3072145486155124,0.9137263901847296,2.0765394247092015
CARMIL1,NM_017640.6,0.5597162840226304,0.27884223208339626,2.007286628860546,0.044719152060439825,0.5008601480545606,2.190898573835156
CCDC167,NM_138493.3,0.5527995967669779,0.4934572014985031,1.1202584440722867,0.26260364510859824,0.8831106452442375,1.8174144266387335
CCHCR1,NM_019052.4_6,0.3554276766880702,0.35412342659959123,1.0036830381457753,0.31553141531559004,0.9137263901847296,1.998133872347806
CCND3,NM_001760.5,-0.2990179307669141,0.26437370699567736,-1.131042622070595,0.2580371524472049,0.8748088826868653,2.1151867642217117
CD2AP,NM_012120.3,0.2778485225104743,0.13939216515638903,1.9932865107500568,0.046230082644898154,0.5008601480545606,2.65212892311738
CD2AP,XM_005248976.2,0.2083331095606724,0.34782691291783524,0.5989562676821546,0.5492020477979067,0.9805808749412689,1.7879925926561824
CD2AP,XM_017010641.2,-0.013233327867987255,0.3112498171851448,-0.042516741014230065,0.9660867664177274,0.9997299078530111,2.000032351755728
CDKAL1,NM_017774.3,0.42771890258396295,0.2964338026489611,1.4428816780064404,0.14905380527319417,0.7680356358456353,2.0302553696863166
CDKAL1,XM_017010986.2,-0.14897731089001912,0.22990667355315478,-0.6479903718652835,0.5169911776204592,0.9805808749412689,1.6950608967021972
CDKAL1,XM_047418956.1,-0.016932823352332357,0.2650433687166661,-0.06388699115288451,0.9490602106738266,0.9997299078530111,1.5584186495255694
CDKN1A,NM_000389.5,0.3117072192671071,0.16195038539379122,1.9247081043319159,0.054265886040329864,0.5262528948562222,2.445978557659841
CDKN1A,NM_001220778.2,-0.0811497128217239,0.4244779584899588,-0.1911753277140856,0.8483882327372058,0.9993725792412848,1.3434225369480994
CENPQ,NM_018132.4,0.30235706654879796,0.285274269561362,1.059882011138623,0.28919828045038815,0.9131326649389431,1.604475647378114
CENPQ,XM_005249205.2,0.47998072622779436,0.3070789774162644,1.5630530304168333,0.11804012204635973,0.7680356358456353,1.5112461979358272
CILK1,NM_014920.5,0.47069703009898267,0.21775273488274433,2.161612483776353,0.03064805840089126,0.39193688832886936,2.1534987224570616
CLIC1,NM_001288.6_7,0.4378658642579256,0.18873799502074515,2.3199667041593695,0.020342678585431782,0.3162513368153592,2.735359689704869
CMTR1,NM_015050.3,-0.2599560359216033,0.19986650791730945,-1.3006483108673448,0.19337886255502407,0.8022487180591629,2.655518951476542
CSNK2B,NM_001320.7_7,-0.046775978443511335,0.28852602272609223,-0.1621204839742216,0.8712109757009003,0.9997043582906195,2.6155907018000595
CUL7,NM_001374872.1,-0.9294660182294114,0.32272538493411085,-2.880052396309561,0.0039760908612745316,0.11843070636796282,2.006226948213545
CUL7,NM_001374873.1,0.07494840350854082,0.4065110292817051,0.18436991399956057,0.8537232703611419,0.9997043582906195,1.6207556978444477
CUL7,NM_014780.5,-0.601604480809018,0.2595924096182577,-2.3174964233110837,0.020476705261426136,0.3162513368153592,2.3345072834934157
CUL9,XM_017010589.2,-0.4216177808802877,0.32906632074116754,-1.281254732877747,0.20010420709352592,0.8022487180591629,1.8577948730862222
CUTA,NM_001014838.2_2,-0.1510176223243156,0.5622681942933814,-0.2685864572405768,0.788247935028302,0.9888412045606825,1.5064708859531457
CUTA,NM_001014840.2_2,-0.03790039578379201,0.4232028546136709,-0.08955609672905003,0.9286399738883818,0.9997299078530111,2.0318407492636377
CUTA,NM_015921.3_2,0.4042742916727269,0.37362947573550304,1.0820192675561755,0.27924396658778533,0.9043892313283526,1.9946068509022463
DAAM2,NM_001201427.2,0.00734807010840588,0.3958455264177458,0.018562973730947955,0.9851897404254373,0.9997299078530111,1.7135455428776036
DAXX,NM_001141969.2_5,0.47456857858366885,0.24965296130754894,1.9009130758879524,0.05731339909023765,0.5285055502977218,2.0110138896890284
DAXX,NM_001350.5_5,-0.3832890080559893,0.3732635222213059,-1.026859002387968,0.30448686158853566,0.9137263901847296,1.5314923812091252
DCDC2,NM_016356.5,0.28300041023140166,0.2756864079274734,1.0265301519901278,0.30464175863807513,0.9137263901847296,2.062021461604904
DDAH2,NM_013974.3_7,0.25942651700889874,0.49539136333178885,0.523679935120604,0.600501173650448,0.9805808749412689,1.4576252579263258
DEK,NM_001134709.2,0.0589411853545182,0.3043044115444316,0.19369152440273504,0.8464174287151462,0.9993725792412848,1.732275221257413
DEK,NM_003472.4,0.3053128841611159,0.12254794649610543,2.4913749507081193,0.012724975200847439,0.24119612085242645,3.0419706629289873
DEK,XM_047419335.1,-0.057569258658394906,0.3633446546891496,-0.1584425638727143,0.8741080762243622,0.9997043582906195,1.8358424052002578
DHX16,NM_001164239.2_8,-0.4946752820569189,0.337704072647769,-1.4648188225223848,0.14297035509137518,0.7680356358456353,1.9850907954229375
DHX16,NM_001363515.2_8,-0.21895822291523337,0.5650670118681076,-0.3874907193597429,0.6983929542301761,0.9878880037402346,1.250665905194421
DHX16,NM_003587.5_8,0.1838845341087234,0.23253613228866463,0.7907783289370861,0.42907335810863195,0.9805808749412689,2.5271921620835776
DHX16,XM_011514938.3,-0.4917335916118656,0.37889581023704966,-1.29780688602553,0.19435370280629533,0.8022487180591629,1.4081858042911104
DNPH1,NM_006443.3,0.22439760970753397,0.47303759650360827,0.4743758453157587,0.6352319146664034,0.9805808749412689,1.8788802594978744
DNPH1,NM_199184.2,-0.20986885688763324,0.43780142473665595,-0.47936997238844636,0.6316754513683092,0.9805808749412689,1.677261977172
DST,NM_001144770.2,-0.061472538500029206,0.2626585625382229,-0.23403972787326716,0.8149541366125733,0.992455575224126,2.290239101782615
DST,NM_001374722.1,-0.2576154701768292,0.14364855980964789,-1.7933731498471097,0.0729132779173391,0.5847084017602002,2.9176973284801675
DST,NM_001386100.1,-0.4930909329653421,0.2507502702695415,-1.9664622193040866,0.049245242374669033,0.5008601480545606,2.297565307322442
DST,NM_001723.7,-0.07421369884394427,0.15536408467884608,-0.4776760278757591,0.6328808089423135,0.9805808749412689,2.193628337478927
DST,NM_183380.4,0.11193165761093438,0.171872257452095,0.6512491269402944,0.514885682342687,0.9805808749412689,3.0722832294642908
DXO,NM_005510.4_6,-0.3457738769890657,0.42490353869525954,-0.8137702925488094,0.4157765567105949,0.9805808749412689,1.6608468590546848
E2F3,NM_001949.5,-0.1739809739805899,0.1609705711255101,-1.080824729415512,0.27977508595049755,0.9043892313283526,2.2596644550142733
E2F3,XM_005248865.6,0.08303379940873043,0.23088767041127026,0.35962855556914713,0.7191249261544332,0.9888412045606825,1.8528152593534137
E2F3,XM_011514328.4,0.07602047536743689,0.10047375915029814,0.756620196261576,0.4492774380647257,0.9805808749412689,2.5421104431845087
E2F3,XM_017010330.2,-0.049338158100288965,0.18363177453404717,-0.26867985252269716,0.7881760572184177,0.9888412045606825,1.9241991914138592
EFHC1,NR_033327.2,-0.0775814946748421,0.2942186732322983,-0.263686508482037,0.7920214923819375,0.9888412045606825,1.8890254300845604
EHMT2,NM_006709.5_7,-0.11138967347862372,0.2713452665879825,-0.41050899792462786,0.6814326043085188,0.9878880037402346,2.340210271274681
EHMT2,NM_025256.7_7,0.41140430804726846,0.2844152991634737,1.4464914836061795,0.14803939898904114,0.7680356358456353,2.105523242715588
ELOVL5,NM_001242831.2,0.23199463570290613,0.556918685511699,0.4165682383052897,0.6769942452471323,0.9878880037402346,1.1277205496534215
ELOVL5,NM_001301856.2,-0.11177519408756464,0.3624316011872858,-0.3084035545504351,0.7577752775657478,0.9888412045606825,1.5944039831731918
ELOVL5,NM_021814.5,0.20701015650339527,0.16265947645825277,1.272659675358818,0.2031388327321663,0.8022487180591629,2.765025387863944
ENPP4,NM_014936.5,0.2293784237508384,0.20708450984255702,1.1076561154923228,0.2680103586819288,0.8940825565629145,2.177757101956627
FAM83B,NM_001010872.3,0.2889130643069059,0.1915681289831418,1.5081478628020142,0.1315166876505374,0.7680356358456353,2.001110521655588
FAM8A1,NM_016255.3,-0.011954803429452765,0.15253157135131806,-0.07837592783934472,0.9375290214186023,0.9997299078530111,2.604911962314697
FBXO9,NM_033480.3,-0.11367790459660498,0.19506498464690555,-0.5827694027320056,0.5600485451623669,0.9805808749412689,2.502008628132239
FBXO9,XR_001743336.2,-0.14978026121303523,0.4698314831283191,-0.3187957099335713,0.7498814316585791,0.9888412045606825,1.4314889583031467
FKBP5,NM_001145777.2,-0.11366280760048106,0.2533567368808831,-0.44862753207119244,0.6537003693157621,0.9876559927705537,1.5811961754772086
FKBP5,NM_004117.4,0.058051271020134854,0.1695903446713329,0.34230292492558206,0.7321229346153597,0.9888412045606825,2.6426452738747863
FLOT1,NM_005803.4_8,0.1479307885590675,0.23718273146257654,0.6236996582628888,0.5328248475607872,0.9805808749412689,2.5263297608330344
FLOT1,XM_017010158.2,-0.714032596541496,0.4268950826578356,-1.6726184618851805,0.09440243010329005,0.6906283044398588,1.7634742935665293
FOXP4,XM_017010233.2,-0.3302669063440795,0.2523083841113611,-1.3089811006768208,0.19054075271047377,0.8022487180591629,1.8094176071536188
FOXP4,XM_024446319.2,0.20457254262462032,0.23936660306016166,0.8546411237377325,0.3927498539199285,0.9805808749412689,2.2810748527937994
GABBR1,NM_021903.3_7,-0.46611210334713804,0.3999347575782449,-1.165470353638733,0.24382865378429125,0.8690303301542689,1.6420416663192396
GABBR1,XM_047418591.1,-0.09306614394088619,0.5677386191181119,-0.163924279249224,0.8697907535577551,0.9997043582906195,1.102826943914204
GABBR1,XM_047418593.1,-0.9330017130059636,0.3710373902114233,-2.5145759905068426,0.011917561644948373,0.23664872409254625,1.7778889546916743
GCLC,NM_001498.4,0.45908662759664975,0.17244720310724915,2.6621865668133364,0.007763483489961416,0.17374863951685215,2.4203321055126237
GLO1,NM_006708.3,0.12277159417279382,0.1482725286221163,0.8280130872097452,0.40766308829266384,0.9805808749412689,3.03253686794235
GMNN,NM_001251989.2,-0.008470958233531833,0.27051587817179157,-0.03131408880979747,0.9750190546730018,0.9997299078530111,1.9831413915644016
GMNN,NM_015895.5,0.12364044428596277,0.20354766308712485,0.6074274811646486,0.5435672554679221,0.9805808749412689,2.215917752642946
GMNN,XM_005249159.3,-0.3238145041421442,0.38093390330773413,-0.8500543042517102,0.39529489541973206,0.9805808749412689,1.3586284752986826
GMPR,NM_006877.4,0.32228878386337323,0.4576819034749918,0.704176375374176,0.4813229414809573,0.9805808749412689,1.726166870496979
GNL1,NM_005275.5_8,0.13294942901384332,0.2001337857079888,0.6643027739845344,0.5064965459640308,0.9805808749412689,2.5521882423663795
GSTA4,NM_001512.4,-0.13196733868485788,0.4827636325119673,-0.2733580779442547,0.7845779748889921,0.9888412045606825,1.8399158747955258
GSTA4,XM_005249035.5,-0.4206263925302509,0.5689314643977569,-0.7393269995631293,0.4597084582429933,0.9805808749412689,1.3017529571943371
GTF2H4,NM_001517.5_6,-0.238425951740866,0.30541352207293015,-0.7806659971130286,0.4349989644033395,0.9805808749412689,2.1478615031090444
GTPBP2,NM_019096.5,-0.02018650341874295,0.16793233289968246,-0.12020617513127588,0.9043198262010461,0.9997299078530111,2.577778009442354
GTPBP2,XM_024446478.2,0.21486899797083514,0.4560381713619081,0.47116450214935385,0.6375232660712816,0.9805808749412689,1.541567206635007
H1-2,NM_005319.4,-0.15637272941291758,0.0845107912819749,-1.8503285443295798,0.0642662109682599,0.5469185708931504,3.3938754748961726
H1-3,NM_005320.3,-0.12157967838841843,0.17584037979155195,-0.6914206994579045,0.4893011996413947,0.9805808749412689,2.571133987047267
H1-4,NM_005321.3,-0.08659236875427401,0.08384190402807463,-1.0328053705135127,0.3016949899626832,0.9137263901847296,3.3622983220283333
H2AC11,NM_021064.5,-0.09542634705675757,0.12201399281437678,-0.7820934702295357,0.43415964395112155,0.9805808749412689,2.9103730824567413
H2AC12,NM_080596.3,-0.03913690840413575,0.12617859933682662,-0.3101707310893664,0.7564311268728365,0.9888412045606825,2.922095824341513
H2AC13,NM_003509.3,-0.1719383043357483,0.1172904264784651,-1.4659193379889084,0.142670263002784,0.7680356358456353,3.0519961234665054
H2AC14,NM_021066.3,-0.11983923174708,0.44003585517430577,-0.27233969763579746,0.7853608350301825,0.9888412045606825,1.5900155332388082
H2AC15,NM_003510.3,-0.08523932914811927,0.26723928865439817,-0.31896256563664677,0.749754899552429,0.9888412045606825,1.8934410477597123
H2AC16,NM_003511.3,-0.08131201658232601,0.1608406171373326,-0.5055440474522572,0.6131767692777297,0.9805808749412689,2.6693985098758293
H2AC17,NM_003514.2,0.021677323940664683,0.2099943412134057,0.10322813374592418,0.9177819116816095,0.9997299078530111,2.406048059171018
H2AC4,NM_003513.3,-0.031877199939460255,0.19150397860185328,-0.16645711578522662,0.8677972289350508,0.9997043582906195,2.392671266582086
H2AC6,NM_003512.4,-0.10981686234292742,0.14105262464437274,-0.7785524205579435,0.4362434159118336,0.9805808749412689,2.8097370886976876
H2AC8,NM_021052.4,-0.18438077076906856,0.1317742892956996,-1.3992165827987946,0.16174804528647146,0.7680356358456353,2.9023611150972553
H2BC11,NM_021058.4,-0.06956821409097325,0.11834377296004828,-0.5878485394787845,0.5566339601714418,0.9805808749412689,2.960991305779912
H2BC12,NM_001312653.2,-0.19952528015981885,0.10482995686647485,-1.9033231160627144,0.05699839634563596,0.5285055502977218,3.2510603529154114
H2BC12,NM_080593.2,-9.828953186756806e-4,0.3444771137897848,-0.0028532964290785565,0.9977234019209229,0.9997299078530111,2.2038863005939824
H2BC13,NM_003519.4,-0.20092114544474593,0.21474421839860763,-0.9356300576707338,0.3494636931795657,0.9432302812622864,2.3588193316930814
H2BC15,NM_003520.4,0.08819808121292616,0.1747586830868032,0.5046849727582228,0.6137801172888584,0.9805808749412689,2.521705145823164
H2BC17,NM_003527.4,-0.05331464747423831,0.18998558949958766,-0.2806246916656488,0.7789982755254828,0.9888412045606825,2.464119006228587
H2BC4,NM_003526.3,-0.17907744217588561,0.1461741668323866,-1.2250963768531562,0.2205389101429479,0.8226246342955361,2.7900355039365747
H2BC5,NM_021063.4,-0.11563838286111117,0.1592230745409115,-0.7262664861517827,0.46767542038246795,0.9805808749412689,2.7208067869956736
H2BC7,NM_003522.4,-0.4933382716696195,0.38997478456708295,-1.2650517192214927,0.20585278856673964,0.8022487180591629,1.765771574283849
H2BC8,NM_003518.4,-0.18719354082005957,0.13674670635192931,-1.3689071262769652,0.17102830789120757,0.7809115429004677,2.8268933978319515
H3C1,NM_003529.3,0.04921318491287785,0.17675790064537392,0.27842141558137956,0.7806888819135105,0.9888412045606825,2.4542237584834714
H3C10,NM_003536.3,-0.056127012765796236,0.11355674677797067,-0.494264007717105,0.6211197405500053,0.9805808749412689,3.0410494163766737
H3C11,NM_003533.3,0.06531174519386251,0.1504924565503989,0.43398683688833306,0.6642979997537435,0.9878880037402346,2.686835267505991
H3C2,NM_003537.4,-0.06301997887863342,0.09708164375300046,-0.6491441269677275,0.5162452220174747,0.9805808749412689,3.201221319957921
H3C6,NM_001381999.1,0.13420365984636845,0.28661172240361465,0.468242047885882,0.6396115059568948,0.9805808749412689,1.6687304944801107
H3C7,NM_021018.3,-0.13463875678722248,0.1780412408074794,-0.7562223009488619,0.44951592416507347,0.9805808749412689,2.548007972278395
H4C1,NM_003538.4,0.0844794477835471,0.26617059143957733,0.3173883610756621,0.7509489375591273,0.9888412045606825,2.100043308570501
H4C11,NM_021968.4,0.19857826522292732,0.237697751442539,0.8354234064806945,0.403479355561701,0.9805808749412689,2.325510165951094
H4C12,NM_003541.3,-0.12760543700656002,0.17222868107963984,-0.7409070092544824,0.4587498252826408,0.9805808749412689,2.6351474974859763
H4C2,NM_003544.3,-0.030926020005588528,0.14408413001161702,-0.2146386281618598,0.8300490748345796,0.9946277707069531,2.7082065063943292
H4C3,NM_003542.4,-0.18209149790781431,0.12826845619353716,-1.4196124543127466,0.15572053760236848,0.7680356358456353,2.948547693326772
H4C4,NM_003539.4,-0.12180652964429939,0.18283780039694686,-0.6661999290073137,0.5052833183098238,0.9805808749412689,2.482492985435708
H4C5,NM_003545.4,-0.09704817632408624,0.13370327414130614,-0.7258474180783303,0.46793231415634623,0.9805808749412689,2.8457282394921988
H4C8,NM_003543.4,-0.1073691145842477,0.13844700140681918,-0.7755250275789596,0.4380294824780651,0.9805808749412689,2.823640830381639
HCG11,NR_026790.1_2,0.2775464451395079,0.25623116755461606,1.0831876847313995,0.27872512491007434,0.9043892313283526,1.7994622852700346
HLA-A,NM_002116.8_4,-0.15877319162883197,0.3210740580994965,-0.4945064467949955,0.6209485545435003,0.9805808749412689,2.601205200910423
HLA-B,NM_005514.8_6,-0.03929716041668563,0.34614794291001577,-0.1135270661622891,0.9096127060955661,0.9997299078530111,2.4490836573752963
HLA-C,NM_002117.6_6,0.3042464247391403,0.19493586522618103,1.5607514009088475,0.11858241823856233,0.7680356358456353,2.966431483507934
HLA-DPB1,NM_002121.6_8,-0.09324276928305286,0.7493363736921562,-0.12443379576467621,0.9009718161284581,0.9997299078530111,1.4358268640717387
HLA-DQB1,NM_002123.5,0.14345400772577088,0.5033255585644234,0.28501236482988856,0.775634668878757,0.9888412045606825,1.744482541612993
HLA-DRB1,NM_002124.4,-0.08404184346719878,0.5965611268131283,-0.14087717031807998,0.8879669777079102,0.9997299078530111,1.4298272371156284
HLA-E,NM_005516.6_7,-0.4177676171464999,0.23046386311191527,-1.8127250472393075,0.06987423931576364,0.5713246626406556,2.517193343476035
HMGA1,NM_001319078.2,0.14648617717481338,0.36220716030530403,0.40442650844157896,0.6858991102904572,0.9878880037402346,2.1687159952819637
HMGA1,NM_002131.4,0.38705425586340203,0.27678253378158185,1.3984056384455212,0.16199129093907616,0.7680356358456353,2.306602172205065
HMGA1,NM_145899.3,0.1599969594081121,0.20038725610125696,0.798438795565246,0.4246158973739232,0.9805808749412689,2.8945486684070483
HMGA1,NM_145901.3,0.05277167931150828,0.4101225450607601,0.12867295384527103,0.8976164371750832,0.9997299078530111,1.5645854341680476
HMGA1,NM_145903.3,-0.2381173599240427,0.4467892184656018,-0.5329523410206805,0.5940665717393994,0.9805808749412689,1.6438990911414142
HMGN4,NM_006353.3_2,0.19932770824363977,0.21567436493192213,0.9242067702694189,0.35537867136818496,0.9439038596212301,2.288772171549324
HSPA1A,NM_005345.6_5,-0.12864797505063363,0.05532527406469001,-2.325302083460261,0.020055812973770706,0.3162513368153592,3.6540975059748
HSPA1B,NM_005346.6_5,-0.22950151841556166,0.06864769049400568,-3.3431790168614883,8.282445048024801e-4,0.034537795850263425,3.348200506930583
ID4,NM_001546.4,0.16866098175145933,0.10880609055756743,1.5501060729888434,0.12111605867019906,0.7680356358456353,2.5980439979931753
IER3,NM_003897.4_6,-0.0816744134607227,0.3252148354795701,-0.25113987601544535,0.8017059669896591,0.9890869474399049,1.4292855320943585
ILRUN,NM_022758.6,0.09694678125372591,0.352398865079307,0.27510525958109466,0.7832353708751607,0.9888412045606825,1.6614421086602298
ILRUN,NM_024294.4,0.02187360621564971,0.14076999143652294,0.1553854340149841,0.8765174666661982,0.9997043582906195,2.7886736016654137
ITPR3,NM_002224.4,-0.5227200732434931,0.22766742545989332,-2.295980956377869,0.021676970261514498,0.322832021394698,2.67023788416508
KCNK5,NM_003740.4,-0.2543961842926844,0.3234365627944127,-0.7865412063953552,0.43155048813608315,0.9805808749412689,1.4708357040695286
KCTD20,NM_173562.5,0.10669019671778046,0.1466992359544252,0.727271659076164,0.4670595559545322,0.9805808749412689,2.6439911807644654
KDM1B,NM_001364614.2,-0.0017703271244817742,0.3118343975606011,-0.005677138693904778,0.9954703230184521,0.9997299078530111,2.248602363223901
KIAA1586,NM_001286274.2,-0.14894123147455848,0.3678825884380785,-0.404860779377788,0.6855798492688334,0.9878880037402346,1.3320139421199921
KIAA1586,NM_020931.4,0.1213136169100084,0.18275369967309055,0.663809362694238,0.5068123325097817,0.9805808749412689,1.996038846625095
KIAA1586,XM_011514767.3,-0.14705185625055722,0.1948121209193852,-0.7548393578211103,0.45034537547061426,0.9805808749412689,2.0556731041103844
KIF13A,NM_001105568.4,0.26717225022048885,0.19200295414522248,1.3915007266940886,0.16407363943644762,0.7680356358456353,2.2709902829995006
KIF13A,NM_022113.6,-0.032356065703276204,0.3288192060772119,-0.0984007780119708,0.9216140569154153,0.9997299078530111,1.8599396379432327
KIFC1,NM_002263.4_3,0.11565093368957036,0.17540599977686097,0.659332826908391,0.5096820669797291,0.9805808749412689,2.5004272533100425
KLC4,NM_201521.3,-0.08295509187742933,0.3065963489757952,-0.27056777471273274,0.786723483642445,0.9888412045606825,2.1444119747488415
KLHDC3,NM_057161.4,0.3110192232946871,0.20657198372724644,1.5056215159619648,0.13216436189010583,0.7680356358456353,2.6975776666550937
KLHDC3,XM_047418163.1,-0.3637316208342041,0.31872744649252216,-1.141199557292402,0.25378688853819104,0.8746209299208731,1.5741965925879287
KLHL31,NM_001003760.5,-0.4919451625463793,0.4120127795609076,-1.194004620610695,0.2324761606073073,0.8575516787929761,1.1654620287396522
LEMD2,NM_001143944.1,-0.7968727231172161,0.3610500885868709,-2.207097431373386,0.027307253203927868,0.37957081953459737,1.6072500525856945
LEMD2,NM_181336.4,-0.8018526640139453,0.2071713983177689,-3.870479566798247,1.0862146168495854e-4,0.005661893690328464,2.3524262636048263
LINC01012,NR_038292.1,-0.3213373752104295,0.38400412515239096,-0.8368070918063905,0.40270101045093587,0.9805808749412689,1.1679640008585417
LOC101929285,XR_007059558.1,-0.1706294516027872,0.16893072165331766,-1.0100557786816047,0.3124685671064516,0.9137263901847296,2.0021614646317945
LOC101929285,XR_007059559.1,-0.0866492065197078,0.2653719365036026,-0.3265198560983915,0.7440310688048011,0.9888412045606825,1.6261812266595217
LOC124901278,XR_007059508.1,0.2865863947181339,0.3920987287777741,0.7309036568709705,0.46483800220786764,0.9805808749412689,1.3801011422385643
LOC124901279,XR_007059509.1,0.2909447233193455,0.3681774970615139,0.7902295106067696,0.42939374454973256,0.9805808749412689,1.7779849122371147
LOC124901315,XR_007059571.1,0.31822719666455523,0.2433948691586089,1.3074523623469716,0.19105912374126444,0.8022487180591629,1.810159399260228
LOC124901318,XR_007059581.1,-1.1804436026685214,0.35107094825142304,-3.362407537701282,7.72659973513906e-4,0.034537795850263425,1.5811395473428043
LOC730101,NR_024403.1,0.009377079305671998,0.26394035378867287,0.03552726656258055,0.9716593045222366,0.9997299078530111,1.807124792899283
LOC730101,NR_024405.1,-0.18614004057938394,0.36839981563272123,-0.5052663782138196,0.6133717541633499,0.9805808749412689,1.499084333517469
LRRC1,NM_018214.5,0.2134430842200401,0.2348477452085722,0.9088572855169537,0.3634254633842672,0.9591672039951861,2.066637352533833
LRRC1,XM_017010997.2,-0.12437727745124402,0.2999305246639495,-0.4146869598904606,0.6783710796159458,0.9878880037402346,1.445389935678147
LSM2,NM_021177.5_6,0.10756452815183093,0.3749638058473845,0.28686642943775537,0.7742145960462737,0.9888412045606825,1.830972244875149
LY6G5B,NM_021221.3_7,-0.28816707378652695,0.5238298396758674,-0.5501158047140603,0.5822399470761985,0.9805808749412689,1.109017011209271
MAPK13,NM_002754.5,-0.0036719981703043914,0.2385503034070797,-0.015392972123109083,0.9877186701970814,0.9997299078530111,2.332821177931547
MAPK14,NM_001315.3,0.1375031746580999,0.23950749195810703,0.57410803116819,0.5658946990037652,0.9805808749412689,2.053005358027181
MAPK14,NM_139012.3,0.07668748382744739,0.21628154128243196,0.3545724862729029,0.7229098913424739,0.9888412045606825,2.2248291238676625
MAPK14,XM_047418234.1,-0.0734129748789093,0.38308402531252983,-0.1916367429287011,0.8480267592045003,0.9993725792412848,1.2579952768767542
MAPK14,XR_007059209.1,0.04267987723053013,0.1337030102127925,0.3192140338695724,0.7495642157360718,0.9888412045606825,2.240421135278017
MBOAT1,NM_001080480.3,-0.07841412462924391,0.346757852838257,-0.22613510836860465,0.821096339214205,0.992455575224126,1.6904126274033167
MCM3,NM_001366369.2,-0.01602195884235902,0.2523365264066445,-0.06349440990774109,0.949372810511307,0.9997299078530111,1.9190729995568931
MCM3,NM_001366373.2,-0.7738250069422627,0.27853650754262455,-2.7781816242664132,0.00546640537222164,0.1424681900135265,1.858134825482489
MCM3,NM_002388.6,0.3960773908216453,0.13231726170999927,2.9933916837678445,0.0027589542125056577,0.08849876204729687,3.060237552346085
MCM3,NR_158963.2,0.023782266059726442,0.47676228350365557,0.04988285961916719,0.9602157363400871,0.9997299078530111,1.2123583409086622
MCM3,NR_158966.2,-0.5045358897558881,0.3571862725874928,-1.4125287797343948,0.15779432279771352,0.7680356358456353,1.7504800153466942
MDC1,NM_014641.3_8,0.23049015565885211,0.21664745113699788,1.0638950721515794,0.2873762356437555,0.9131326649389431,2.656184340111327
MDC1,XM_011515004.4,-0.3073800617817073,0.4935452606322218,-0.6228001488413838,0.5334158605130996,0.9805808749412689,1.274597380895559
MDC1,XM_047419586.1,-0.2635855603403998,0.2769166924343869,-0.9518586908691112,0.3411686519931252,0.9421677343121404,2.2427904269117778
MDC1,XM_047419588.1,0.39734843482866333,0.28511963268109786,1.3936200432507282,0.16343237266722524,0.7680356358456353,2.1025563927537414
MDGA1,NM_153487.4,-0.48570612111250844,0.2620708851939276,-1.8533387283867677,0.06383382347532031,0.5469185708931504,2.1711929900589255
MDGA1,XM_047418637.1,-0.23300793137774545,0.439758236503539,-0.5298546156414521,0.5962127348016008,0.9805808749412689,1.3304229599127002
MEA1,NM_001318942.1,0.4732526200885734,0.2787698207519591,1.6976465343774036,0.08957449439270573,0.6791375302137871,2.4525923947032755
MEA1,NM_014623.4,-0.07605743347675031,0.30666037587424594,-0.24801845774799297,0.8041201256795607,0.9891389156589285,1.854104127240641
MED20,NM_004275.5,-0.07585808072906053,0.28704790911496414,-0.26426975539709985,0.7915720637681714,0.9888412045606825,1.8970792605353446
MICA,NM_001177519.3_4,0.38022894732191737,0.28992793974390874,1.3114601775109045,0.1897023393116478,0.8022487180591629,1.9708051240101565
MICB,NM_005931.5_8,-0.26021705633867076,0.39713934485575636,-0.6552285984990566,0.5123205840477556,0.9805808749412689,1.539105073964119
MMUT,NM_000255.4,0.2065934012528874,0.25292102138172406,0.816829696971229,0.4140257586130893,0.9805808749412689,2.2879839681105656
MMUT,XM_005249143.4,0.594532979681567,0.3678403144935097,1.6162800983361416,0.10603376770054182,0.7494251039173888,1.7238542533349426
MOCS1,NM_001075098.4,-0.33737250875572156,0.3106228628804256,-1.0861161526464753,0.27742760691052326,0.9043892313283526,1.7547482282869817
MOCS1,NM_001358533.2,0.016484216698471776,0.3975974684609104,0.04145956150646974,0.9669295303597688,0.9997299078530111,1.4919364040332344
MRPL14,NM_032111.4,0.22989476488506355,0.24665603984253898,0.9320459577305484,0.35131277508093944,0.9432302812622864,2.1543205265470178
MRPL2,NM_015950.5,0.1539856749021311,0.3026955641897877,0.5087146728241558,0.6109522360932284,0.9805808749412689,2.029101508930818
MRPS10,NM_018141.4,-0.22401343663484607,0.23127652451886588,-0.9685956544913951,0.33274697235973183,0.9314478879799137,2.2540925875107716
MRPS18A,NM_018135.4,-0.4011226726967012,0.25616770588863824,-1.5658596438033376,0.1173814793860716,0.7680356358456353,2.1376189352557695
MRPS18B,NM_014046.4_7,0.02099720230851676,0.24712713464359565,0.08496518336118258,0.9322890702372949,0.9997299078530111,2.1831934764071717
MRS2,NM_001286265.2,0.12357936905944156,0.30326991780843776,0.4074897040645528,0.6836483546026413,0.9878880037402346,2.008067787115837
MRS2,NM_020662.4,-0.017494092117441573,0.27162334355779877,-0.06440570198532661,0.9486471899277751,0.9997299078530111,2.159928829853273
MTCH1,NM_001271641.2,-0.13527426363352335,0.2539730316709779,-0.5326323930675095,0.5942880740735454,0.9805808749412689,2.7106350836190396
MTCH1,NM_014341.2,0.24897121607321804,0.281054985346253,0.8858452226580912,0.37570093708685354,0.9663586886541822,2.4276047528653137
MTCH1,NR_130739.2,0.025563737884922277,0.4170107418246053,0.06130234864711084,0.9511184203722627,0.9997299078530111,1.6724400068765841
MTCH1,XM_005248978.3,-0.15028863867005882,0.21538495360002066,-0.697767583845023,0.4853225546270225,0.9805808749412689,2.015857206537234
MYLIP,NM_013262.4,-0.04269440121582369,0.21404837473065677,-0.19946145944601207,0.8419017884828446,0.9993725792412848,1.8067715406864078
MYLIP,XM_017010789.2,0.11632635861649149,0.2744617761975073,0.42383445967638533,0.6716865449676097,0.9878880037402346,1.6262338535843872
NELFE,NM_002904.6_6,0.12161168608914075,0.2705935472551893,0.4494256693211244,0.6531246174627343,0.9876559927705537,2.406189131058433
NELFE,XM_006715205.4,-0.13558769323023712,0.4657133525931625,-0.2911398019302309,0.770944400196691,0.9888412045606825,1.4748725070650721
NEU1,NM_000434.4_8,0.08027124599489888,0.2574611524503716,0.3117800306217926,0.7552077013651668,0.9888412045606825,2.3953887342582623
NFKBIE,NM_004556.3,-0.18795291910657574,0.34344582755899516,-0.5472563764784426,0.5842026094067562,0.9805808749412689,1.564029157822125
NFKBIL1,NM_005007.4_7,-0.33492196065336594,0.3567173321381348,-0.9389001612169244,0.3477820064416075,0.9432302812622864,1.5209012355258547
NFYA,NM_002505.5,-0.009934735000571016,0.24175576388325462,-0.04109409778278776,0.9672208799177707,0.9997299078530111,1.8821921158394548
NFYA,NM_021705.4,0.028494633756370527,0.12528105398751643,0.22744567394212584,0.8200772080971298,0.992455575224126,2.4716994395736007
NUDT3,NM_006703.4,0.10189397290823932,0.15102869157375604,0.6746663289370987,0.49988778150909946,0.9805808749412689,2.7103640252665606
NUP153,NM_005124.4,0.2543601742108358,0.0812287186034942,3.131406952908574,0.0017397090449165896,0.06595078833911071,3.1368492248076487
PACSIN1,XM_047418689.1,0.35292912120477293,0.6722511247213068,0.5249959549730553,0.5995860029077167,0.9805808749412689,1.1532360851088455
PAQR8,NM_133367.5,0.5683072772201008,0.3016526078990348,1.883979327008892,0.05956777185609815,0.5285055502977218,1.6665415512726147
PBX2,NM_002586.5_7,0.07585711819355145,0.1762146041194947,0.4304814494382725,0.6668454580365399,0.9878880037402346,2.7301880523034194
PEX6,NM_000287.4,0.027841637623923887,0.2621740563682722,0.10619524299847248,0.9154274451430368,0.9997299078530111,2.2011916461808876
PFDN6,NM_001185181.3_5,0.22990541359571526,0.5462867382340425,0.4208511711979693,0.6738637627696729,0.9878880037402346,1.2985596248374252
PFDN6,NM_001265596.1_5,0.21264711574037953,0.5373806400751611,0.39571041433617243,0.6923186718056371,0.9878880037402346,1.4140125226621887
PFDN6,NM_014260.4_5,0.6211440750373751,0.48948035407833085,1.2689867322805244,0.20444579616295244,0.8022487180591629,1.6079768401668901
PHF1,NR_027692.2_2,-0.5715135836102623,0.4001486904466302,-1.4282530400695834,0.15321903901769696,0.7680356358456353,1.6501160813819364
PIM1,NM_001243186.2,0.02201218286833896,0.20142552733924482,0.10928199200524177,0.9129788293418081,0.9997299078530111,1.8389745065027547
PIM1,NM_002648.4,0.02201218286833896,0.20142552733924482,0.10928199200524177,0.9129788293418081,0.9997299078530111,1.8389745065027547
POLR1C,NM_203290.4,0.10002495563575214,0.18013349560223424,0.5552823771133851,0.5787015308895206,0.9805808749412689,2.070657966743843
POLR1C,XM_047419577.1,0.18671971917681407,0.2417295362389047,0.772432372485406,0.43985838660374815,0.9805808749412689,2.068352057838055
PPARD,NM_006238.5,0.45529593656478773,0.2777308663022648,1.6393422258989114,0.10114200656496439,0.727176150648106,1.9748778859401612
PPARD,XM_047418927.1,0.07084413098147785,0.29432663016409644,0.24069901844077105,0.809788399778115,0.992455575224126,1.5507407690194195
PPIL1,NM_016059.5,-0.25285850309372115,0.19381325488533646,-1.3046502069392363,0.19201198383593795,0.8022487180591629,2.46340932118022
PPP1R10,NM_002714.4_7,0.03228018223852519,0.12081943767827345,0.26717706073490544,0.789332837239209,0.9888412045606825,2.5825099714751527
PPP1R11,NM_021959.3_8,-0.09223944776874737,0.3305690297508246,-0.2790323335439965,0.7802200112402394,0.9888412045606825,1.9386074391164594
PPP1R18,NM_001134870.2_7,-0.204659834697678,0.3944375493282428,-0.5188649890108822,0.6038548940847923,0.9805808749412689,1.369122647287953
PPP2R5D,NM_006245.4,0.3290242080798029,0.20490283887316013,1.6057571963826083,0.1083272687379354,0.752874517728651,2.6913385322424332
PRICKLE4,NM_013397.6,-0.5087603462890657,0.4850675214138488,-1.0488443852232332,0.2942497455060509,0.9131326649389431,1.3657007720431547
PRR3,NM_001077497.3_7,-0.03623128418780297,0.3111927239624476,-0.11642715718563872,0.907314013424825,0.9997299078530111,1.6929467738576511
PRR3,NM_025263.4_7,-0.10347887203014983,0.23032936608654783,-0.44926478020725735,0.6532406613519597,0.9876559927705537,2.021676515875677
PRRC2A,NM_004638.4_7,0.26638717173686444,0.1300099644356562,2.0489750373611035,0.04046455593941818,0.468714439631594,3.1013792631395813
PRRC2A,NM_080686.3_7,-0.030271595355886527,0.13115477185258817,-0.23080818889235982,0.8174638191749312,0.992455575224126,3.1572096986503855
PRRC2A,XM_047419336.1,0.08817890914534399,0.40008314349491675,0.22040146049408438,0.825558508068013,0.9938962717700187,1.5074154230311916
PRSS16,XM_017010165.2,0.34053134497234594,0.4956154738049225,0.6870877988494389,0.49202740245703935,0.9805808749412689,1.3093276150466573
PTK7,NM_002821.5,0.2649174610018039,0.23322423981679616,1.1358916260586962,0.2560019233597716,0.8748088826868653,2.689949552541552
RGL2,NM_004761.5_5,1.2255483440082315e-4,0.3620416566819803,3.3851031266403717e-4,0.9997299078530111,0.9997299078530111,2.0221927358810796
RING1,NM_002931.4_6,0.005400054619799199,0.4039464208874846,0.013368244748734468,0.9893340015976019,0.9997299078530111,1.9475589830499658
RN7SK,NR_001445.2,-0.39606210133252606,0.06764995256405919,-5.854580621582644,4.782151891148582e-9,4.985393346522397e-7,4.523198555552437
RNF144B,NM_182757.4,-0.1433984346218483,0.28820936453263446,-0.4975495326266924,0.6188015823876556,0.9805808749412689,1.6303571133886643
RNF5,NM_006913.4_7,0.24225589241055223,0.29583628977461934,0.818884973831686,0.41285204371806616,0.9805808749412689,2.206343469872055
RNF8,NM_003958.4,0.07210115639813852,0.174790494345065,0.4125004432781056,0.6799726558598922,0.9878880037402346,2.310420185688467
RPL10A,NM_007104.5,0.4610460535065086,0.19823012527867745,2.325812249063341,0.020028568900213508,0.3162513368153592,3.0748720429007963
RPL7L1,NM_001366481.3,0.20735600136704457,0.10621634978349474,1.952204173742621,0.05091396886564869,0.5055029765946548,3.1089104477191762
RPL7L1,NM_198486.5,-0.074809230180379993,0.27675692572760496,-0.270306623704912,0.786924369991268,0.9888412045606825,2.4195972057236075
RPL7L1,NR_134562.3,-0.3647687611350534,0.2870508450171617,-1.27074616733229,0.20381896553744605,0.8022487180591629,1.9979825645637619
RPL7L1,NR_134563.3,-0.38981368239234204,0.2802598846750272,-1.3909007450151025,0.1642555268770259,0.7680356358456353,2.014711668610283
RPS18,NM_022551.3_6,0.06669453018519578,0.17277996556465489,0.3860084701790176,0.6994903957677886,0.9878880037402346,3.2294632753703345
RRP36,NM_033112.4,0.07294139062783156,0.19012267239719885,0.38365435173057366,0.7012346501369531,0.9878880037402346,2.4729593328917048
RRP36,NR_138081.2,-0.23412451751585606,0.3733643025727117,-0.6270672260379283,0.5306151693695562,0.9805808749412689,1.5720640914648079
RUNX2,NM_001278478.2,0.013761531491462212,0.2442762468503358,0.056335937975556354,0.9550741899179928,0.9997299078530111,1.7056261975155773
RXRB,NM_021976.5_6,-0.015312511960631658,0.3132045847202053,-0.04888980783697904,0.9610071113182659,0.9997299078530111,1.823461358597159
SAYSD1,NM_001304793.2,-0.201659826411558,0.2055843376489091,-0.9809104561065675,0.32663690073823715,0.9314478879799137,2.202565705183697
SAYSD1,NM_018322.3,0.07783724321149266,0.446640361656156,0.17427274804021248,0.8616511154131581,0.9997043582906195,1.4729852804481725
SCUBE3,XM_047418382.1,-0.4896721762862096,0.3339225578074084,-1.4664243694750045,0.14253271135273785,0.7680356358456353,1.7806949245942427
SKIV2L,NM_006929.5_6,0.0879265960148814,0.2427995285550669,0.3621366010805069,0.7172499535078891,0.9888412045606825,2.605560936049197
SKIV2L,XM_047419259.1,-0.7123117046865302,0.38912960628128035,-1.8305255965839804,0.06717138284392152,0.5602093329183054,1.7451312470483034
SLC35B2,NM_178148.4,0.15589272935386655,0.2716706151105944,0.5738299274303338,0.5660828947552519,0.9805808749412689,2.308557216732198
SLC39A7,NM_001077516.2_6,-0.14404138197755456,0.21161822053000603,-0.6806662565104146,0.49608269231579943,0.9805808749412689,2.4531758367784198
SNHG32,NR_160949.1_5,-0.7915524014326243,0.3000282090704671,-2.6382599285746284,0.008333268082343028,0.17374863951685215,2.130712238012935
SNHG32,NR_160953.1_5,-0.4930288097618556,0.3535716428891173,-1.394424071266578,0.16318958335512537,0.7680356358456353,2.054665841156874
SNRPC,NM_003093.3,0.29182123026137274,0.25290908738699275,1.153858223428872,0.24855829909772437,0.8709984094432862,2.5563516058555327
SOX4,NM_003107.3,-0.11713857907909897,0.0796044371946399,-1.471508162198104,0.14115374178363907,0.7680356358456353,3.0194019185448324
SRF,NM_003131.4,0.07679741404931006,0.1555989021846405,0.49356012780976355,0.6216168657082513,0.9805808749412689,2.4249372618866603
SRPK1,NM_003137.5,0.11636568194014618,0.12466746612967212,0.9334085752501707,0.35060905452749863,0.9432302812622864,3.0459379459045195
SRSF3,NM_003017.5,0.26717107083462355,0.11929125849187308,2.239653384600893,0.025113434065227435,0.36111386224827036,3.0202598825703086
SRSF3,NR_036610.2,-1.3562264527850472,0.16508680847789214,-8.215232127203357,2.1175423884733236e-16,8.830151759933759e-14,2.440697708297555
STK19,NM_004197.2_6,-0.5308549829236051,0.39051131412586143,-1.3593843858580523,0.17402481629298708,0.7809115429004677,1.7116695160102506
STK38,NM_001305102.2,0.19168894429244343,0.29801407273420893,0.6432211154786837,0.5200806338732684,0.9805808749412689,2.084720665265686
STK38,NM_007271.4,0.05462000780855014,0.3148738373708052,0.17346632627412586,0.8622848943424934,0.9997043582906195,1.8800047024049817
SUPT3H,NR_146632.2,0.0843464964286964,0.4844381193459094,0.1741120136098733,0.8617774319123306,0.9997043582906195,1.427259884501092
SUPT3H,XM_047419416.1,-0.12589304304188814,0.26526015426595717,-0.4746021632621999,0.6350705640737855,0.9805808749412689,1.6849531842052863
TAF11,NM_005643.4,0.2962319964272848,0.28194970362918514,1.0506554630640204,0.29341685794789873,0.9131326649389431,2.123800532023143
TAF11,XM_011514827.3,-0.00463340756908906,0.25619251731705683,-0.018085647534174003,0.9855705276888864,0.9997299078530111,1.6133383733024154
TAF8,NM_138572.3,-0.20190689409542995,0.17417262368420033,-1.1592343838232337,0.24636065962859405,0.8706135175010484,2.3076445342460628
TAP1,NM_000593.6_8,0.014814965467111474,0.37824500294547997,0.039167643595405,0.9687567305020715,0.9997299078530111,1.8697939593721917
TAP1,NM_001292022.2_8,0.15089464514788764,0.5341798780475486,0.2824790886909,0.7775761787692215,0.9888412045606825,1.4227422456624024
TAP2,NM_001290043.2_5,0.04051091821524122,0.5565564163000689,0.07278852067604166,0.9419744058985946,0.9997299078530111,1.2576176669555528
TAP2,NM_018833.3_8,0.043442024173911964,0.46225333890482884,0.09397882182275819,0.9251259800052343,0.9997299078530111,1.7743386508669603
TBC1D22B,NM_017772.4,0.14377363600862847,0.2310263310382218,0.6223257555210971,0.5337276889310729,0.9805808749412689,1.8420557607097103
TBCC,NM_003192.3,0.0024540665914464382,0.20962797928005386,0.011706770250205542,0.9906595621097685,0.9997299078530111,1.9111260454053902
TCF19,NM_001077511.2_7,-0.3821036502552013,0.38918423753495396,-0.9818065928759083,0.3261951395601405,0.9314478879799137,1.6185160225861375
TCF19,NM_001318908.2_7,-0.06506849745164534,0.4086020802044361,-0.1592466132798188,0.8734745803176522,0.9997043582906195,1.5398351077121302
TCF19,XM_047419273.1,0.06995827604571336,0.27825200356729074,0.25142056534660345,0.801488969400354,0.9890869474399049,1.7537734773692764
TDP2,NM_016614.3,0.3956186729456519,0.2282162604459366,1.7335253507905592,0.08300233566334998,0.6409624809558693,2.1788081401741173
TDRD6,NR_144468.2,-0.019573404604794398,0.4340715746122189,-0.04509257401220167,0.9640335204832745,0.9997299078530111,1.2773144045514044
TEAD3,NM_003214.4,-0.10814670465902343,0.2799927343733761,-0.3862482535522067,0.6993128200684001,0.9878880037402346,1.9216744688161955
TJAP1,NM_001146019.2,-0.08236464933053433,0.42719895821734405,-0.19280161560841177,0.8471143381567575,0.9993725792412848,1.4114776164361231
TMEM14A,NM_014051.4,0.17220794793153216,0.6292125404869967,0.2736880415610391,0.7843243684513501,0.9888412045606825,1.4281708166932652
TNFRSF21,NM_014452.5,0.1610681210419379,0.1547028707550464,1.0411450043287827,0.2978082552318855,0.9131326649389431,2.511698944997755
TOB2P1,NR_002936.2,-0.731221761492564,0.23718439690686283,-3.0829252304471737,0.0020497664869846685,0.07122938542271723,1.8670844465879597
TOMM6,NM_001134493.2,0.43933388795214157,0.31576480358117465,1.391332672196319,0.16412457068985534,0.7680356358456353,2.076582033278284
TOMM6,NM_001382294.1,0.19026924074551665,0.29325264334032375,0.6488236169953516,0.5164523904203053,0.9805808749412689,2.3137547825627456
TPMT,NM_000367.5,0.2240846763660409,0.3533870883332251,0.634105443475459,0.5260120105188691,0.9805808749412689,2.0507281482678
TRAM2,NM_012288.4,-0.008316515278060432,0.1683434346432619,-0.04940207674676494,0.9605988731800572,0.9997299078530111,2.5697187174904794
TRAM2-AS1,NR_103446.1,-0.34969640467665974,0.5187631971603947,-0.6740964019630296,0.5002500268660606,0.9805808749412689,1.2713914641187407
TRIM26,XM_005249374.3,-0.11289255087028638,0.3065084120219717,-0.3683179529252,0.7126361675065507,0.9888412045606825,1.676079804756412
TRIM27,NM_006510.5_7,-0.27400050264380094,0.23406983811555881,-1.1705929514443831,0.24176243188688212,0.8690303301542689,2.1124741194649173
TRIM38,NM_006355.5,0.31194637636381783,0.323600694568304,0.9639854969408101,0.3350531971150769,0.9314478879799137,1.711348624276341
TUBB,NM_001293213.2_8,0.20678246755015595,0.37154895161802715,0.5565416525861705,0.5778406283267312,0.9805808749412689,1.8636932687666437
TUBB,NM_178014.4_8,0.23709981866106755,0.10992824671850403,2.1568598221002735,0.031016588285018437,0.39193688832886936,3.312751953261161
UBR2,NM_001363705.2,-0.3656997291757891,0.21652805264787833,-1.6889254057556058,0.0912337258790448,0.6793654230636014,2.5451886876570504
UBR2,NM_015255.3,-0.0387201333568028,0.28571966049274056,-0.13551791742306996,0.8922023988780755,0.9997299078530111,2.133277940447501
UBR2,XM_047418495.1,0.15460746063821773,0.4141597408211558,0.3733039342058623,0.7089222486795912,0.9888412045606825,1.5174117976543235
UHRF1BP1,NM_017754.4,-0.06460686590482623,0.1056608417575835,-0.611455150556656,0.5408983011411834,0.9805808749412689,3.0083310155145355
UQCC2,NM_032340.4,-0.1012337020734313,0.30121031446628843,-0.3360897592527875,0.7368031806541157,0.9888412045606825,2.0295363808890254
USP49,NM_018561.5,-0.022507202494837397,0.40027041168818434,-0.056229993118678955,0.9551585879008396,0.9997299078530111,1.3520950990017433
VARS1,NM_006295.3_7,0.14473532078572848,0.16388051260443798,0.8831759096035984,0.37714123542052425,0.9663586886541822,3.0237545055318282
VARS1,XM_005249362.3,0.2961077089623769,0.36434479718792706,0.8127128787011227,0.41638269558953206,0.9805808749412689,2.1062454581409864
VARS2,NM_001167734.2_6,-0.6166940792760829,0.3887774696474808,-1.5862392433266843,0.11268504875828837,0.7680356358456353,1.7456950911810827
VARS2,NM_020442.6_6,-0.046154110628843004,0.32935913757258434,-0.14013308077317738,0.8885548437857792,0.9997299078530111,2.086499983382573
VPS52,NM_022553.6_7,-0.0751590502940469,0.2952215538406978,-0.25458524052956816,0.7990434600002311,0.9890869474399049,2.31163244810078
WDR46,NM_005452.6_5,-0.03680194874305398,0.271562989463758,-0.13551901463349247,0.8922015314329289,0.9997299078530111,2.410022548220193
XPO5,NM_020750.3,-0.061018914845094585,0.1283086433810983,-0.47556355703846176,0.6343853434688946,0.9805808749412689,3.1179641102668754
YIPF3,NM_015388.4,0.05674603374023812,0.2597310701105709,0.21847995973712578,0.827055170993277,0.9938962717700187,2.4351334480523272
YIPF3,XM_047418608.1,-0.2087573084643941,0.4089510462965907,-0.5104701659400901,0.6097221106746138,0.9805808749412689,1.5821749001921819
ZBED9,XM_047418157.1,-0.4882130324192593,0.2783117061403548,-1.7541951044382216,0.07939708179793022,0.6246902473535264,1.687354762485
ZBTB9,NM_152735.4_2,-0.13093400086353485,0.2254090492054575,-0.580872867904208,0.5613261397450687,0.9805808749412689,1.832892792733205
ZFAND3,NM_021943.3,-0.10294331299836013,0.20232504856595904,-0.5088016225771474,0.6108912819628267,0.9805808749412689,2.4347571289848937
ZFAND3,XM_005249269.3,-0.39536901519663714,0.33831209707850163,-1.1686517231008031,0.2425439800036304,0.8690303301542689,1.7985937008796613
ZFAND3,XM_017011171.3,-0.08265092743681654,0.1710679156810894,-0.48314686659827666,0.6289914589568768,0.9805808749412689,2.000719259954628
ZKSCAN3,NM_024493.4,-0.2669912092183673,0.275664149170961,-0.9685380199830956,0.3327757405214283,0.9314478879799137,1.6958003611388208
ZKSCAN3,XM_005249423.4,-0.27749431579916983,0.3893995130897533,-0.712621116542613,0.4760802412537054,0.9805808749412689,1.3302596426541884
ZKSCAN4,NM_019110.5,-0.08318966051383159,0.23038964614831706,-0.3610824614066072,0.7180378038249287,0.9888412045606825,1.8522274125625855
ZKSCAN8,NM_006298.4,-0.2162181042069518,0.10984022638332952,-1.968478319157646,0.0490130283046266,0.5008601480545606,2.641790522199244
ZNF184,NM_001318891.2,-2.7562270584723103e-4,0.23804437474991144,-0.0011578627141968772,0.9990761594232369,0.9997299078530111,1.7641136139892664
ZNF204P,NR_002722.2,0.14323056270492573,0.29906161973578943,0.4789332808117102,0.6319860938494113,0.9805808749412689,1.6676149137503957
ZNF204P,NR_024553.1,-0.4573336203757674,0.3299791546328884,-1.3859470028783019,0.1657630868731587,0.7680356358456353,1.9153567801916056
ZNF318,NM_014345.3,0.2643812057206437,0.10918909899311663,2.421315022823941,0.015464469276351303,0.2803775516625432,2.792412926044384
ZNF322,NM_024639.5_2,-0.1467187426352044,0.23268010109796214,-0.6305599058229453,0.5283283215347476,0.9805808749412689,1.9508230797485149
ZNF391,NM_001322289.2,-0.7638279615990733,0.3602913732537629,-2.120028450031993,0.0340036461134347,0.4091268396043263,1.612173138176063
ZNF76,NM_001292032.2,-0.566017750234407,0.3948591878977848,-1.433467341225777,0.15172432564534907,0.7680356358456353,1.6619036453223444
ZNF76,NM_003427.5,-0.1893877655155447,0.35353599684062104,-0.5356958476873951,0.5921687738434278,0.9805808749412689,1.9605661609931047
ZNRD1ASP,NR_145416.1_8,0.05013764622704853,0.4609967909168556,0.10875920877308504,0.9133934785156752,0.9997299078530111,1.1445641015132093
ZSCAN12,NM_001163391.2,0.061650328608458926,0.13345575521662942,0.4619533156017607,0.6441147990829765,0.9838676601377333,2.3185889035764315
ZSCAN12,NR_028077.2,0.4833910957924785,0.3216591708917062,1.502805265748891,0.13288926765678707,0.7680356358456353,1.6271786035657883
ZSCAN12,XM_047419594.1,-0.2398532295002325,0.2730312447787377,-0.8784827161250633,0.37968181329670125,0.9663586886541822,1.5679430762783277
ZSCAN12,XM_047419596.1,-0.4057112501488285,0.3126404202941525,-1.2976928887413497,0.19439288827131632,0.8022487180591629,1.539584245638253
ZSCAN12,XM_047419597.1,-0.1021846623123898,0.23821918672544956,-0.4289522759145292,0.66795795575671435,0.9878880037402346,1.6963046461829423
ZSCAN12P1,NR_024063.2,-0.34658219591196615,0.3435569761374312,-1.0088055838904717,0.3130678825937782,0.9137263901847296,1.6234574536912927
ZSCAN16,NM_001320558.2,-0.12496556701945272,0.3845974828903297,-0.32492559774523383,0.7452373829516893,0.9888412045606825,1.2649620556628425
ZSCAN23,NM_001012455.2,-0.3528646117661174,0.3954447824113869,-0.8923233469269225,0.37221964382396683,0.9663586886541822,1.2698020095901488
ZSCAN23,XM_047418384.1,-0.13417751955767981,0.19801602905468527,-0.677609384443441,0.49801939434363407,0.9805808749412689,1.8738432975999424
ZSCAN23,XR_007059226.1,-0.7532708260681823,0.18697923842165118,-4.028633512612262,5.6101996544595566e-5,0.003342076079870907,2.1168582381833847
ZSCAN26,XM_047419313.1,0.16159066817374546,0.2701073892037596,0.5982460111516871,0.5496757946857165,0.9805808749412689,1.5725233880893623
ZSCAN9,XM_017011267.2,-0.021832857952846146,0.26739084602582014,-0.08165147864013973,0.9349238638894829,0.9997299078530111,1.631857913321518
ZSCAN9,XM_047419316.1,-0.10732987277189401,0.2948972502704251,-0.3639568448789229,0.7158902352523311,0.9888412045606825,1.483073823974215
